#,First Name,Last Name,Age,Occupation
1,Madaline,Watson,26,Physicist
2,Eddy,Montgomery,20,Hairdresser
3,April,Grant,22,Mechanic
4,Amy,Watson,23,Insurer
5,Valeria,Higgins,21,Economist
6,Eddy,Harrison,19,Photographer
7,Sofia,Barrett,30,Lecturer
8,Maria,Owens,22,Dancer
9,Stuart,Lloyd,25,Interpreter
10,Chloe,Perry,25,Scientist
11,Lilianna,Ross,19,Architect
12,Bruce,Thompson,25,Archeologist
13,Sophia,Johnston,21,Biochemist
14,Mary,Kelly,23,Carpenter
15,Sarah,Alexander,28,Dancer
16,Grace,Clark,19,Florist
17,Dale,Johnson,25,Medic
18,Jacob,Johnson,22,Scientist
19,Sophia,Murray,30,Engineer
20,Fenton,Edwards,27,Fine Artist
21,Haris,Gibson,27,Chemist
22,Madaline,Armstrong,18,Hairdresser
23,Alan,Carroll,26,Firefighter
24,Annabella,Carroll,25,Mechanic
25,Lilianna,Allen,19,Agronomist
26,Michael,Ross,21,Manager
27,Tiana,Riley,21,Hairdresser
28,Henry,Brooks,28,Veterinarian
29,Lilianna,Richardson,30,Electrician
30,Dominik,Cameron,24,Archeologist
31,Carlos,Parker,19,Lecturer
32,Mike,Clark,25,Agronomist
33,Michelle,Mitchell,26,Archeologist
34,Rafael,Ross,23,Fashion Designer
35,Charlotte,Mitchell,18,Historian
36,Roland,Kelley,30,Interior Designer
37,Patrick,Morgan,24,Police Officer
38,James,Miller,30,Composer
39,Jessica,Brown,21,Salesman
40,Camila,Wright,19,Florist
41,Sarah,Brown,25,Florist
42,Carl,Bailey,22,Programmer
43,Elise,Hunt,26,Botanist
44,Michael,Richards,28,Engineer
45,Kelvin,Walker,28,Meteorologist
46,Brad,Mitchell,24,Photographer
47,Alberta,Hunt,29,Photographer
48,Amber,Carter,22,Lecturer
49,Luke,Grant,28,Chemist
50,Ada,Baker,29,Scientist
51,Sarah,Morrison,19,Scientist
52,Valeria,Walker,25,Dancer
53,Hailey,Owens,29,Insurer
54,Vincent,Taylor,27,Historian
55,Valeria,Morgan,20,Lawer
56,Maddie,Douglas,18,Producer
57,Eleanor,Andrews,18,Jeweller
58,Edward,Richards,24,Producer
59,Sam,Ellis,28,Mathematician
60,Edith,Gray,30,Jeweller
61,Alen,Gibson,30,Jeweller
62,Richard,Craig,30,Programmer
63,Jack,Mason,25,Insurer
64,Alisa,Alexander,26,Insurer
65,Abraham,Grant,23,Mathematician
66,Carina,Brown,26,Photographer
67,Alissa,Bailey,25,Hairdresser
68,Julia,Howard,30,Graphic Designer
69,Aston,Moore,25,Mechanic
70,Sabrina,Ryan,28,Auditor
71,Alford,Owens,18,Interior Designer
72,Chester,Thomas,19,Journalist
73,Ryan,Ellis,20,Engineer
74,Tony,Payne,27,Electrician
75,Patrick,Armstrong,29,Interpreter
76,Amelia,Barrett,18,Lawer
77,Kellan,Anderson,20,Driver
78,Adrian,Ellis,28,Botanist
79,Cadie,Carroll,23,Producer
80,Alexander,Henderson,18,Geologist
81,Reid,Myers,26,Insurer
82,Alfred,Baker,24,Archeologist
83,Alen,Mason,26,Producer
84,Byron,Phillips,24,Medic
85,Alexander,Smith,21,Chef
86,Julian,Cole,29,Mathematician
87,Brianna,Davis,25,Veterinarian
88,Cadie,Owens,21,Firefighter
89,Rebecca,Cole,22,Producer
90,Tiana,Howard,22,Engineer
91,Valeria,Grant,21,Meteorologist
92,Kelvin,Dixon,22,Mechanic
93,Mike,Bailey,22,Archeologist
94,Florrie,Holmes,29,Mechanic
95,Rafael,Cooper,30,Hairdresser
96,Mary,Hawkins,28,Jeweller
97,Evelyn,Martin,24,Composer
98,Kelsey,Spencer,24,Programmer
99,Robert,Owens,27,Dancer